{
  "Total" : {
    "transaction" : "Total",
    "sampleCount" : 104276,
    "errorCount" : 210,
    "errorPct" : 0.20138863,
    "meanResTime" : 335.8498120372856,
    "medianResTime" : 300.0,
    "minResTime" : 267.0,
    "maxResTime" : 50375.0,
    "pct1ResTime" : 316.0,
    "pct2ResTime" : 324.0,
    "pct3ResTime" : 2745.780000000035,
    "throughput" : 289.0613738426568,
    "receivedKBytesPerSec" : 242.4826642153975,
    "sentKBytesPerSec" : 95.90567360235211
  },
  "GetBooking" : {
    "transaction" : "GetBooking",
    "sampleCount" : 20857,
    "errorCount" : 28,
    "errorPct" : 0.1342475,
    "meanResTime" : 336.76640935897007,
    "medianResTime" : 302.0,
    "minResTime" : 267.0,
    "maxResTime" : 33007.0,
    "pct1ResTime" : 319.0,
    "pct2ResTime" : 325.0,
    "pct3ResTime" : 855.9700000000048,
    "throughput" : 58.17511387059614,
    "receivedKBytesPerSec" : 52.085711266738905,
    "sentKBytesPerSec" : 9.560221128085942
  },
  "DeleteBooking" : {
    "transaction" : "DeleteBooking",
    "sampleCount" : 20808,
    "errorCount" : 97,
    "errorPct" : 0.46616685,
    "meanResTime" : 335.2448096885802,
    "medianResTime" : 302.0,
    "minResTime" : 267.0,
    "maxResTime" : 33119.0,
    "pct1ResTime" : 321.0,
    "pct2ResTime" : 328.0,
    "pct3ResTime" : 843.0,
    "throughput" : 58.14369383466715,
    "receivedKBytesPerSec" : 42.51460062885612,
    "sentKBytesPerSec" : 16.08322893293552
  },
  "CreateToken" : {
    "transaction" : "CreateToken",
    "sampleCount" : 20891,
    "errorCount" : 7,
    "errorPct" : 0.03350725,
    "meanResTime" : 334.43454118998596,
    "medianResTime" : 300.0,
    "minResTime" : 267.0,
    "maxResTime" : 31078.0,
    "pct1ResTime" : 317.0,
    "pct2ResTime" : 322.0,
    "pct3ResTime" : 835.9900000000016,
    "throughput" : 58.011218482727976,
    "receivedKBytesPerSec" : 43.716653368148116,
    "sentKBytesPerSec" : 14.160861310118849
  },
  "CreateBooking" : {
    "transaction" : "CreateBooking",
    "sampleCount" : 20878,
    "errorCount" : 7,
    "errorPct" : 0.033528116,
    "meanResTime" : 338.1562410192565,
    "medianResTime" : 301.0,
    "minResTime" : 267.0,
    "maxResTime" : 50375.0,
    "pct1ResTime" : 319.0,
    "pct2ResTime" : 325.0,
    "pct3ResTime" : 840.9900000000016,
    "throughput" : 58.164413786955215,
    "receivedKBytesPerSec" : 53.55315763878055,
    "sentKBytesPerSec" : 26.410021002345744
  },
  "UpdateBooking" : {
    "transaction" : "UpdateBooking",
    "sampleCount" : 20842,
    "errorCount" : 71,
    "errorPct" : 0.34065828,
    "meanResTime" : 334.64475578159636,
    "medianResTime" : 303.0,
    "minResTime" : 268.0,
    "maxResTime" : 26295.0,
    "pct1ResTime" : 322.0,
    "pct2ResTime" : 329.0,
    "pct3ResTime" : 845.9800000000032,
    "throughput" : 58.12743859414263,
    "receivedKBytesPerSec" : 51.92633194913918,
    "sentKBytesPerSec" : 30.216400064180867
  }
}