{
  "Total" : {
    "transaction" : "Total",
    "sampleCount" : 20000,
    "errorCount" : 134,
    "errorPct" : 0.67,
    "meanResTime" : 591.9220499999979,
    "medianResTime" : 288.0,
    "minResTime" : 267.0,
    "maxResTime" : 57828.0,
    "pct1ResTime" : 306.0,
    "pct2ResTime" : 310.0,
    "pct3ResTime" : 16143.0,
    "throughput" : 174.55662616952938,
    "receivedKBytesPerSec" : 147.88324861882072,
    "sentKBytesPerSec" : 57.71418234403366
  },
  "GetBooking" : {
    "transaction" : "GetBooking",
    "sampleCount" : 4000,
    "errorCount" : 13,
    "errorPct" : 0.325,
    "meanResTime" : 403.37300000000016,
    "medianResTime" : 288.0,
    "minResTime" : 268.0,
    "maxResTime" : 28699.0,
    "pct1ResTime" : 304.0,
    "pct2ResTime" : 308.0,
    "pct3ResTime" : 779.9899999999998,
    "throughput" : 35.64585839682752,
    "receivedKBytesPerSec" : 32.5132958355612,
    "sentKBytesPerSec" : 5.823407145323709
  },
  "DeleteBooking" : {
    "transaction" : "DeleteBooking",
    "sampleCount" : 4000,
    "errorCount" : 53,
    "errorPct" : 1.325,
    "meanResTime" : 398.39174999999915,
    "medianResTime" : 288.0,
    "minResTime" : 267.0,
    "maxResTime" : 21976.0,
    "pct1ResTime" : 305.0,
    "pct2ResTime" : 308.0,
    "pct3ResTime" : 769.7999999999956,
    "throughput" : 35.698986148793374,
    "receivedKBytesPerSec" : 26.22186403929566,
    "sentKBytesPerSec" : 9.846383497474296
  },
  "CreateToken" : {
    "transaction" : "CreateToken",
    "sampleCount" : 4000,
    "errorCount" : 12,
    "errorPct" : 0.3,
    "meanResTime" : 1324.7792500000069,
    "medianResTime" : 289.0,
    "minResTime" : 267.0,
    "maxResTime" : 57828.0,
    "pct1ResTime" : 1092.7000000000003,
    "pct2ResTime" : 1190.0,
    "pct3ResTime" : 37241.96,
    "throughput" : 35.26062005800372,
    "receivedKBytesPerSec" : 26.853097094524905,
    "sentKBytesPerSec" : 8.58272416939202
  },
  "CreateBooking" : {
    "transaction" : "CreateBooking",
    "sampleCount" : 4000,
    "errorCount" : 8,
    "errorPct" : 0.2,
    "meanResTime" : 391.46474999999964,
    "medianResTime" : 288.0,
    "minResTime" : 268.0,
    "maxResTime" : 36830.0,
    "pct1ResTime" : 304.0,
    "pct2ResTime" : 308.0,
    "pct3ResTime" : 762.7999999999956,
    "throughput" : 35.646176056463545,
    "receivedKBytesPerSec" : 32.988734485558844,
    "sentKBytesPerSec" : 16.1546102759014
  },
  "UpdateBooking" : {
    "transaction" : "UpdateBooking",
    "sampleCount" : 4000,
    "errorCount" : 48,
    "errorPct" : 1.2,
    "meanResTime" : 441.6014999999986,
    "medianResTime" : 288.0,
    "minResTime" : 268.0,
    "maxResTime" : 26693.0,
    "pct1ResTime" : 305.0,
    "pct2ResTime" : 309.0,
    "pct3ResTime" : 833.7799999999952,
    "throughput" : 35.644587814897655,
    "receivedKBytesPerSec" : 32.16250492897816,
    "sentKBytesPerSec" : 18.441731750527985
  }
}