{
  "Total" : {
    "transaction" : "Total",
    "sampleCount" : 15000,
    "errorCount" : 0,
    "errorPct" : 0.0,
    "meanResTime" : 298.2946666666669,
    "medianResTime" : 277.0,
    "minResTime" : 266.0,
    "maxResTime" : 5572.0,
    "pct1ResTime" : 284.0,
    "pct2ResTime" : 287.0,
    "pct3ResTime" : 1111.0,
    "throughput" : 131.2565628281414,
    "receivedKBytesPerSec" : 109.95374231602204,
    "sentKBytesPerSec" : 43.510268775157506
  },
  "GetBooking" : {
    "transaction" : "GetBooking",
    "sampleCount" : 3000,
    "errorCount" : 0,
    "errorPct" : 0.0,
    "meanResTime" : 279.13933333333347,
    "medianResTime" : 277.0,
    "minResTime" : 266.0,
    "maxResTime" : 1297.0,
    "pct1ResTime" : 283.0,
    "pct2ResTime" : 285.0,
    "pct3ResTime" : 289.0,
    "throughput" : 27.74181616423155,
    "receivedKBytesPerSec" : 24.738005999167747,
    "sentKBytesPerSec" : 4.544438199324949
  },
  "DeleteBooking" : {
    "transaction" : "DeleteBooking",
    "sampleCount" : 3000,
    "errorCount" : 0,
    "errorPct" : 0.0,
    "meanResTime" : 278.3193333333341,
    "medianResTime" : 277.0,
    "minResTime" : 266.0,
    "maxResTime" : 799.0,
    "pct1ResTime" : 283.0,
    "pct2ResTime" : 285.0,
    "pct3ResTime" : 289.0,
    "throughput" : 27.737455735643554,
    "receivedKBytesPerSec" : 20.261344619395878,
    "sentKBytesPerSec" : 7.658770207892231
  },
  "CreateToken" : {
    "transaction" : "CreateToken",
    "sampleCount" : 3000,
    "errorCount" : 0,
    "errorPct" : 0.0,
    "meanResTime" : 375.0309999999999,
    "medianResTime" : 277.0,
    "minResTime" : 267.0,
    "maxResTime" : 5572.0,
    "pct1ResTime" : 1043.700000000024,
    "pct2ResTime" : 1111.0,
    "pct3ResTime" : 1149.0,
    "throughput" : 26.513009049773753,
    "receivedKBytesPerSec" : 19.963467282946834,
    "sentKBytesPerSec" : 6.472902600042421
  },
  "CreateBooking" : {
    "transaction" : "CreateBooking",
    "sampleCount" : 3000,
    "errorCount" : 0,
    "errorPct" : 0.0,
    "meanResTime" : 278.82799999999975,
    "medianResTime" : 277.0,
    "minResTime" : 267.0,
    "maxResTime" : 973.0,
    "pct1ResTime" : 283.0,
    "pct2ResTime" : 285.0,
    "pct3ResTime" : 289.0,
    "throughput" : 27.743355466365806,
    "receivedKBytesPerSec" : 25.516210644894297,
    "sentKBytesPerSec" : 12.598301066269629
  },
  "UpdateBooking" : {
    "transaction" : "UpdateBooking",
    "sampleCount" : 3000,
    "errorCount" : 0,
    "errorPct" : 0.0,
    "meanResTime" : 280.15566666666655,
    "medianResTime" : 277.0,
    "minResTime" : 267.0,
    "maxResTime" : 903.0,
    "pct1ResTime" : 284.0,
    "pct2ResTime" : 285.0,
    "pct3ResTime" : 290.0,
    "throughput" : 27.73976402707401,
    "receivedKBytesPerSec" : 24.78883827024078,
    "sentKBytesPerSec" : 14.404721278941821
  }
}